,date,tempmax,tempmin,temp,feelslike,humidity,windspeed,pressure,precipitation
0,2022-01-01,19.5,6.3,11.9,11.8,80.7,9.4,1022.1,0.0
1,2022-01-02,19.8,7.4,12.7,12.6,80.9,8.0,1020.7,0.0
2,2022-01-03,20.6,7.4,13.8,13.8,76.1,13.0,1018.6,0.0
3,2022-01-04,22.5,9.7,15.8,15.8,71.1,7.6,1017.7,0.0
4,2022-01-05,15.0,12.2,13.7,13.7,91.8,22.3,1016.6,7.674
5,2022-01-06,20.0,12.0,15.2,15.2,88.7,14.8,1016.7,0.0
6,2022-01-07,18.9,14.0,16.2,16.2,90.2,20.5,1016.3,0.0
7,2022-01-08,16.5,15.0,15.8,15.8,96.9,22.3,1015.7,48.612
8,2022-01-09,16.0,12.0,13.8,13.8,97.2,16.6,1015.2,7.451
9,2022-01-10,16.9,9.9,12.5,12.4,92.2,11.2,1017.9,0.0
10,2022-01-11,17.0,8.0,11.4,11.2,91.4,16.6,1018.0,0.0
11,2022-01-12,17.0,8.0,11.5,11.3,88.5,10.9,1017.5,0.0
12,2022-01-13,16.3,7.3,11.4,11.4,91.2,5.4,1017.6,0.0
13,2022-01-14,14.8,7.2,10.5,10.5,94.6,11.2,1018.4,0.0
14,2022-01-15,13.5,8.2,10.0,9.7,93.9,14.8,1020.0,0.0
15,2022-01-16,15.0,8.0,10.7,10.3,87.4,9.4,1020.6,0.0
16,2022-01-17,16.0,9.0,11.2,11.1,88.5,7.6,1021.2,0.0
17,2022-01-18,14.6,9.0,10.6,10.2,92.1,14.8,1019.1,0.0
18,2022-01-19,17.1,8.0,11.9,11.6,89.4,11.2,1016.1,0.0
19,2022-01-20,18.1,10.0,12.7,12.5,92.3,13.0,1011.9,0.0
20,2022-01-21,19.1,9.9,13.4,13.4,90.4,9.3,1011.9,0.0
21,2022-01-22,15.0,11.0,13.0,13.0,94.3,20.5,1007.5,23.588
22,2022-01-23,15.0,10.4,12.6,12.6,94.3,20.5,1010.0,1.1
23,2022-01-24,15.0,9.0,11.7,11.7,93.5,7.6,1014.0,0.0
24,2022-01-25,13.4,8.0,10.0,9.7,94.4,13.0,1015.2,0.0
25,2022-01-26,15.8,7.1,11.2,11.1,92.5,14.8,1015.9,0.0
26,2022-01-27,18.0,7.5,12.2,12.0,83.9,18.4,1017.0,0.0
27,2022-01-28,19.5,7.0,12.7,12.2,76.0,22.3,1016.9,0.0
28,2022-01-29,21.4,7.0,13.7,13.7,73.8,15.1,1017.1,0.0
29,2022-01-30,21.2,9.0,14.6,14.4,78.1,27.7,1012.5,0.0
30,2022-01-31,22.9,8.3,14.5,14.5,78.9,13.0,1011.9,0.0
31,2022-02-01,19.9,8.6,13.4,13.4,89.1,13.0,1011.6,0.0
32,2022-02-02,21.0,10.0,14.7,14.7,83.1,14.8,1011.2,0.0
33,2022-02-03,14.1,11.0,13.0,13.0,88.9,22.3,1007.3,0.773
34,2022-02-04,17.7,10.0,13.1,13.0,87.2,14.8,1009.3,0.0
35,2022-02-05,19.7,8.0,12.5,12.5,82.4,8.2,1013.8,0.0
36,2022-02-06,22.8,6.3,14.0,14.0,72.0,10.6,1015.9,0.0
37,2022-02-07,25.7,10.3,17.4,17.4,72.1,9.4,1014.9,0.0
38,2022-02-08,25.7,12.2,18.5,18.5,77.2,9.4,1013.2,0.0
39,2022-02-09,21.5,13.0,16.5,16.5,84.5,14.8,1015.2,14.351
40,2022-02-10,22.7,10.3,15.7,15.7,74.5,18.4,1017.7,0.0
41,2022-02-11,21.8,9.2,15.5,15.4,69.7,26.1,1016.1,0.0
42,2022-02-12,22.8,9.8,16.0,15.9,66.7,21.0,1014.6,0.0
43,2022-02-13,27.3,8.5,17.4,17.4,65.5,7.6,1013.4,0.0
44,2022-02-14,26.7,9.3,17.9,17.9,64.6,10.9,1013.4,0.0
45,2022-02-15,25.9,10.5,18.8,18.8,58.5,13.0,1013.4,0.0
46,2022-02-16,25.3,10.5,18.1,18.1,68.5,10.0,1011.3,0.0
47,2022-02-17,26.7,12.1,18.4,18.4,66.4,8.7,1011.2,0.0
48,2022-02-18,27.8,10.5,19.1,19.0,61.6,13.0,1012.4,0.0
49,2022-02-19,25.0,12.2,18.8,18.8,64.0,12.2,1013.8,0.0
50,2022-02-20,23.8,12.0,17.9,17.9,69.4,21.4,1008.4,0.0
51,2022-02-21,25.8,10.3,17.9,17.9,57.5,16.6,1008.3,0.0
52,2022-02-22,25.9,10.8,19.1,19.1,58.7,27.7,1010.1,0.0
53,2022-02-23,23.8,15.0,19.2,19.2,78.2,22.3,1013.9,0.0
54,2022-02-24,25.8,13.5,19.6,19.6,72.0,16.1,1015.6,0.0
55,2022-02-25,27.0,13.3,20.1,20.1,71.7,20.5,1016.0,2.137
56,2022-02-26,23.7,15.0,18.4,18.4,70.8,27.7,1017.2,6.9
57,2022-02-27,25.4,14.0,18.8,18.8,66.9,14.4,1018.4,0.931
58,2022-02-28,24.8,12.0,18.1,18.1,62.7,14.8,1016.7,0.0
59,2022-03-01,25.1,11.2,18.3,18.3,68.6,12.4,1016.9,0.0
60,2022-03-02,26.8,12.3,19.4,19.4,68.8,14.5,1016.6,0.0
61,2022-03-03,28.8,15.5,21.8,21.7,63.7,16.6,1015.2,0.0
62,2022-03-04,25.0,16.0,20.4,20.4,73.2,16.6,1016.2,0.0
63,2022-03-05,25.7,13.0,19.6,19.6,71.6,20.5,1014.9,0.0
64,2022-03-06,27.1,14.8,20.3,20.3,70.0,10.6,1013.8,0.0
65,2022-03-07,29.0,16.0,22.1,22.0,63.8,11.2,1015.0,0.0
66,2022-03-08,29.9,17.0,22.5,22.3,62.9,18.4,1014.3,0.0
67,2022-03-09,30.6,15.9,23.1,22.7,56.2,18.4,1013.2,0.0
68,2022-03-10,29.0,17.0,22.9,22.7,57.0,21.2,1013.1,0.0
69,2022-03-11,29.0,16.7,22.7,22.6,65.2,22.3,1013.4,0.0
70,2022-03-12,30.7,16.0,23.1,22.9,58.9,22.3,1011.6,0.0
71,2022-03-13,31.6,17.7,24.5,24.4,61.9,16.6,1011.3,0.0
72,2022-03-14,32.6,18.4,25.5,25.7,68.1,14.8,1010.7,0.0
73,2022-03-15,34.0,20.2,26.9,27.5,69.5,18.4,1008.1,0.0
74,2022-03-16,34.3,21.0,27.6,28.1,65.0,24.4,1005.8,0.0
75,2022-03-17,34.5,21.3,27.7,28.8,66.2,9.4,1006.5,0.0
76,2022-03-18,34.5,22.9,28.2,29.8,70.7,14.5,1007.8,0.0
77,2022-03-19,36.2,21.0,28.5,29.5,64.3,11.2,1005.6,0.0
78,2022-03-20,37.1,23.5,29.6,28.9,49.8,13.0,1004.2,0.0
79,2022-03-21,36.1,22.1,28.8,29.2,54.0,18.4,1006.4,0.0
80,2022-03-22,34.2,22.0,28.3,28.0,51.2,25.9,1007.5,0.0
81,2022-03-23,35.0,20.3,27.8,27.5,50.1,13.0,1007.2,0.0
82,2022-03-24,34.9,21.0,28.0,27.2,42.1,19.6,1005.7,0.0
83,2022-03-25,34.5,20.6,27.6,27.0,51.5,18.4,1007.2,0.0
84,2022-03-26,37.7,20.0,27.1,26.4,44.3,27.7,1008.9,0.0
85,2022-03-27,37.2,21.2,29.3,28.2,23.9,14.7,1008.2,0.0
86,2022-03-28,38.2,21.0,29.6,28.5,34.9,18.4,1007.6,0.0
87,2022-03-29,39.9,20.2,30.3,29.1,32.0,18.4,1005.8,0.0
88,2022-03-30,39.0,21.2,30.5,29.4,34.6,9.6,1006.0,0.0
89,2022-03-31,38.6,21.7,30.6,29.9,34.5,13.3,1006.5,0.0
90,2022-04-01,36.0,23.9,29.9,28.6,29.1,14.8,1007.1,0.0
91,2022-04-02,39.0,19.6,29.8,28.7,28.3,11.2,1008.3,0.0
92,2022-04-03,39.0,21.3,30.3,28.9,26.2,18.4,1007.5,0.0
93,2022-04-04,38.0,21.3,30.2,28.9,24.7,18.4,1007.4,0.0
94,2022-04-05,38.3,20.7,30.2,28.8,26.8,19.6,1010.5,0.0
95,2022-04-06,40.0,21.1,30.7,29.3,24.0,18.4,1010.5,0.0
96,2022-04-07,40.0,21.2,31.4,30.0,25.3,15.2,1009.6,0.0
97,2022-04-08,42.0,21.8,32.1,30.5,23.2,18.4,1006.9,0.0
98,2022-04-09,41.6,22.1,33.0,31.3,23.7,16.6,1005.0,0.0
99,2022-04-10,42.0,25.8,33.4,31.5,21.1,18.4,1004.4,0.0
100,2022-04-11,42.0,24.5,33.7,31.9,22.9,18.4,1003.8,0.0
101,2022-04-12,39.0,24.8,32.7,31.0,22.5,18.4,1004.0,0.0
102,2022-04-13,39.9,23.4,32.7,31.2,26.2,14.8,1003.3,0.0
103,2022-04-14,38.6,27.0,32.3,30.7,23.2,27.7,1003.0,0.137
104,2022-04-15,40.0,25.4,32.4,31.1,27.3,14.8,1002.9,0.0
105,2022-04-16,40.0,23.7,32.1,30.8,30.1,20.5,1002.5,0.0
106,2022-04-17,39.9,24.2,32.5,31.3,28.3,9.4,1003.4,0.0
107,2022-04-18,42.0,24.4,33.4,32.1,27.2,9.4,1005.2,0.0
108,2022-04-19,43.0,25.2,34.3,32.8,25.9,18.4,1006.9,0.0
109,2022-04-20,41.0,27.0,34.1,32.3,21.7,19.6,1005.5,0.0
110,2022-04-21,36.0,25.7,31.4,30.1,28.8,18.4,1006.8,0.0
111,2022-04-22,38.0,24.6,31.5,30.3,29.4,27.7,1007.9,0.286
112,2022-04-23,40.0,22.7,31.7,30.2,25.9,18.4,1007.9,0.0
113,2022-04-24,39.0,23.8,32.4,30.8,23.7,20.9,1006.0,0.0
114,2022-04-25,40.1,24.7,33.9,32.2,22.4,46.4,1004.6,0.0
115,2022-04-26,39.8,27.4,33.5,31.9,22.7,16.6,1005.2,0.0
116,2022-04-27,42.0,24.1,33.9,32.1,23.9,20.5,1004.8,0.0
117,2022-04-28,43.0,23.7,34.6,33.0,23.5,18.4,1004.5,0.0
118,2022-04-29,43.3,27.5,35.7,33.7,20.3,16.4,1003.9,0.0
119,2022-04-30,43.2,27.4,35.6,33.4,17.9,14.8,1001.2,0.0
120,2022-05-01,40.0,28.1,33.9,34.0,32.5,22.3,1000.3,0.0
121,2022-05-02,40.0,28.4,34.1,35.5,41.7,22.3,1000.4,0.0
122,2022-05-03,37.7,29.0,33.2,36.2,49.3,20.5,1003.2,0.0
123,2022-05-04,37.2,24.0,31.2,33.5,54.8,27.7,1005.6,0.973
124,2022-05-05,37.0,23.5,29.9,30.5,53.3,9.8,1006.2,0.0
125,2022-05-06,38.0,25.6,32.3,33.2,44.6,17.9,1005.5,0.0
126,2022-05-07,39.3,27.3,33.4,33.4,36.3,11.2,1005.0,0.0
127,2022-05-08,40.0,27.5,33.6,34.5,39.7,18.4,1003.3,0.0
128,2022-05-09,39.3,28.5,33.8,36.1,45.4,20.5,1003.0,0.0
129,2022-05-10,38.9,29.8,33.8,36.5,45.9,22.3,1003.3,0.0
130,2022-05-11,40.4,29.0,34.6,37.8,44.4,14.8,1001.4,0.0
131,2022-05-12,43.0,30.0,35.9,38.8,41.9,16.6,999.7,0.0
132,2022-05-13,44.0,28.6,34.9,38.0,45.9,18.4,997.3,0.0
133,2022-05-14,44.0,29.0,37.2,37.0,28.5,18.3,997.6,0.0
134,2022-05-15,45.3,27.6,37.0,36.1,21.4,20.0,998.7,0.0
135,2022-05-16,41.6,31.3,37.4,35.5,18.2,20.4,998.9,0.0
136,2022-05-17,42.0,28.4,34.6,34.5,31.3,13.0,1000.1,0.0
137,2022-05-18,41.0,31.5,35.8,36.1,31.1,27.7,1001.9,0.0
138,2022-05-19,43.0,28.7,36.2,36.7,32.7,14.8,1001.1,0.0
139,2022-05-20,44.1,29.6,37.0,37.3,30.7,27.7,998.1,0.532
140,2022-05-21,42.2,26.7,34.8,34.2,30.8,27.0,996.1,0.965
141,2022-05-22,39.2,24.5,32.2,32.8,45.0,20.5,995.2,0.0
142,2022-05-23,31.0,18.0,25.8,26.6,71.2,40.7,998.6,18.749
143,2022-05-24,32.0,20.0,26.3,27.7,75.1,63.0,1004.4,17.488
144,2022-05-25,33.8,24.6,29.1,31.2,66.6,13.0,1005.2,0.0
145,2022-05-26,36.0,25.0,30.6,32.2,59.2,11.2,1003.0,0.0
146,2022-05-27,38.8,27.0,32.4,34.5,50.5,28.2,999.8,0.0
147,2022-05-28,40.0,28.2,34.4,38.3,46.7,13.0,998.0,0.0
148,2022-05-29,41.0,29.0,34.0,38.2,50.4,14.8,998.2,0.0
149,2022-05-30,39.8,25.0,31.4,34.7,59.5,16.6,999.6,15.581
150,2022-05-31,39.2,24.4,32.9,35.2,49.3,9.4,999.7,0.0
151,2022-06-01,41.8,26.7,35.0,36.0,38.8,11.2,1000.2,0.0
152,2022-06-02,41.4,28.7,35.3,35.9,32.9,10.9,999.8,0.0
153,2022-06-03,43.2,27.2,35.6,34.8,28.6,15.3,998.9,0.0
154,2022-06-04,45.0,29.3,36.5,35.8,27.1,16.6,999.3,0.0
155,2022-06-05,44.0,30.4,37.3,36.0,20.9,17.5,999.5,0.0
156,2022-06-06,44.0,29.0,36.7,35.8,24.0,18.1,998.7,0.0
157,2022-06-07,43.2,30.7,37.3,36.0,22.2,23.3,998.3,0.0
158,2022-06-08,44.0,31.9,37.3,36.0,21.6,29.6,998.1,0.0
159,2022-06-09,44.0,30.1,37.5,37.1,24.7,15.9,997.1,0.0
160,2022-06-10,43.2,32.0,37.8,37.9,26.2,30.4,997.8,0.0
161,2022-06-11,44.0,32.0,37.7,37.0,22.1,27.4,998.0,0.0
162,2022-06-12,43.0,32.0,37.7,37.4,24.7,21.2,999.3,0.0
163,2022-06-13,43.0,33.2,37.6,38.4,29.3,16.6,1001.2,0.0
164,2022-06-14,39.2,32.0,35.3,37.3,38.0,21.5,1000.8,0.0
165,2022-06-15,42.0,30.0,36.1,38.8,39.4,22.7,999.0,0.0
166,2022-06-16,39.7,28.1,34.1,37.1,46.1,23.1,999.8,0.745
167,2022-06-17,36.0,25.0,29.2,32.3,70.8,19.0,1001.1,17.625
168,2022-06-18,32.0,26.1,28.9,32.6,74.1,18.1,1002.0,0.585
169,2022-06-19,31.0,25.1,28.3,31.4,74.5,16.6,1001.4,0.055
170,2022-06-20,32.3,25.0,29.0,31.3,65.7,14.5,999.7,0.0
171,2022-06-21,34.0,26.3,30.2,33.0,61.3,18.4,999.0,0.518
172,2022-06-22,38.0,25.0,31.0,34.4,59.4,18.4,1003.5,0.0
173,2022-06-23,38.0,27.2,33.1,35.6,48.1,20.5,1004.4,0.0
174,2022-06-24,40.0,27.0,33.3,33.7,38.7,14.8,1001.9,0.0
175,2022-06-25,40.0,26.7,34.3,34.6,34.9,14.8,999.2,0.0
176,2022-06-26,39.9,29.9,35.0,40.2,48.1,24.1,1000.1,0.0
177,2022-06-27,39.9,31.2,35.7,42.6,51.1,18.4,1001.1,0.0
178,2022-06-28,41.0,31.5,35.9,43.8,53.1,16.6,998.2,0.0
179,2022-06-29,40.0,30.3,34.9,41.5,53.8,18.4,995.9,0.0
180,2022-06-30,32.0,24.9,27.7,31.3,88.1,20.5,999.3,105.591
181,2022-07-01,31.0,25.5,28.2,33.5,88.6,13.0,999.6,1.725
182,2022-07-02,36.1,27.0,31.0,37.2,72.9,15.3,997.5,0.7
183,2022-07-03,36.5,27.6,33.1,38.5,57.4,15.8,997.8,0.086
184,2022-07-04,36.0,28.7,33.5,42.3,64.1,11.2,998.3,0.518
185,2022-07-05,37.2,30.3,33.9,43.4,64.6,13.7,998.6,0.0
186,2022-07-06,37.8,30.4,34.4,44.2,63.0,18.4,1001.0,0.0
187,2022-07-07,38.0,31.4,34.6,43.3,59.3,18.4,1002.8,0.0
188,2022-07-08,38.1,31.0,34.9,42.0,54.8,14.8,1000.3,0.0
189,2022-07-09,35.0,28.7,32.0,39.2,66.5,22.3,998.7,0.0
190,2022-07-10,34.0,28.3,31.0,38.2,73.6,18.4,1000.4,0.0
191,2022-07-11,36.0,28.6,31.8,38.6,67.9,16.9,1000.9,0.863
192,2022-07-12,33.0,28.0,30.3,38.0,80.1,14.7,1000.5,2.137
193,2022-07-13,36.0,28.0,31.5,39.2,73.3,13.0,998.5,0.0
194,2022-07-14,38.6,29.5,32.3,39.9,67.7,16.6,997.9,0.027
195,2022-07-15,37.0,28.6,32.9,39.8,63.7,20.5,999.6,0.0
196,2022-07-16,35.4,25.8,29.4,34.5,80.4,22.3,1000.9,18.213
197,2022-07-17,34.1,25.9,29.9,36.6,81.9,14.9,1002.8,10.587
198,2022-07-18,37.1,28.9,33.2,42.9,68.8,13.0,1001.3,0.0
199,2022-07-19,37.0,29.0,32.4,42.2,73.6,16.9,999.9,10.0
200,2022-07-20,34.8,25.3,29.7,36.7,84.0,22.3,999.8,60.498
201,2022-07-21,32.4,25.9,29.0,34.3,84.0,11.2,1002.5,0.7
202,2022-07-22,32.9,27.8,29.4,37.5,86.7,15.5,1003.7,7.186
203,2022-07-23,33.1,26.9,29.7,37.4,85.6,18.4,1002.1,0.522
204,2022-07-24,34.4,27.0,30.0,37.7,82.4,22.4,1001.9,3.023
205,2022-07-25,34.0,27.0,30.0,36.9,80.3,21.3,1004.1,2.046
206,2022-07-26,32.8,27.0,29.4,35.8,81.0,20.5,1005.3,0.0
207,2022-07-27,33.6,27.0,30.0,37.4,80.0,16.6,1004.7,0.0
208,2022-07-28,32.0,26.9,28.6,34.6,86.3,11.2,1006.0,17.389
209,2022-07-29,32.0,26.0,28.0,32.6,89.2,11.2,1005.5,2.412
210,2022-07-30,31.6,26.4,28.4,34.0,86.9,16.6,1003.7,15.938
211,2022-07-31,32.0,26.0,28.7,33.6,84.3,11.2,1001.2,11.539
212,2022-08-01,34.0,27.3,29.7,36.1,79.6,13.0,1001.4,0.0
213,2022-08-02,35.0,27.0,31.0,38.2,75.9,27.6,1000.8,0.0
214,2022-08-03,34.0,28.0,30.8,38.5,76.1,14.8,1002.1,6.038
215,2022-08-04,32.8,27.0,29.4,36.6,84.6,18.4,1002.8,4.536
216,2022-08-05,30.0,26.9,27.9,33.8,92.1,13.0,1001.6,10.515
217,2022-08-06,33.0,27.0,30.2,39.1,84.5,11.2,999.7,0.0
218,2022-08-07,30.0,26.0,27.6,32.4,93.3,27.7,999.8,6.261
219,2022-08-08,34.3,26.0,30.1,36.1,79.9,9.4,999.5,0.0
220,2022-08-09,35.6,28.0,32.0,41.6,75.2,16.6,999.1,0.124
221,2022-08-10,35.7,29.0,32.5,40.6,68.9,15.5,997.9,0.0
222,2022-08-11,32.0,27.0,29.7,35.1,73.9,18.4,999.7,0.027
223,2022-08-12,36.0,27.3,31.3,37.6,71.1,20.5,999.8,0.0
224,2022-08-13,34.2,28.0,30.9,37.9,73.4,16.6,999.5,0.0
225,2022-08-14,32.5,27.0,28.9,35.6,86.6,11.2,1002.1,5.687
226,2022-08-15,34.0,27.0,29.3,35.1,81.3,18.4,1003.4,0.0
227,2022-08-16,32.4,27.7,29.1,34.4,78.7,37.1,1001.6,2.412
228,2022-08-17,33.3,26.0,29.2,33.8,76.8,22.3,1002.9,0.0
229,2022-08-18,34.5,26.9,30.3,36.7,76.2,11.9,1002.1,0.0
230,2022-08-19,34.7,28.0,31.1,37.8,71.7,17.3,1002.0,0.0
231,2022-08-20,32.0,27.0,29.6,36.5,80.8,13.0,1003.5,6.863
232,2022-08-21,35.0,27.9,30.9,38.5,76.7,11.2,1001.5,1.237
233,2022-08-22,35.2,28.9,31.5,39.9,74.3,22.3,999.7,0.0
234,2022-08-23,33.7,28.0,30.7,36.8,71.5,27.7,1001.0,0.0
235,2022-08-24,33.0,27.0,29.1,34.7,80.9,16.6,1005.2,5.175
236,2022-08-25,34.0,26.0,30.1,34.9,72.3,11.2,1004.7,0.0
237,2022-08-26,35.0,27.0,30.7,36.7,73.0,14.8,1004.0,0.0
238,2022-08-27,35.0,27.0,30.7,36.1,70.3,19.9,1003.1,0.173
239,2022-08-28,34.2,27.0,30.6,34.7,65.9,17.9,1003.7,0.0
240,2022-08-29,34.8,26.0,30.3,34.2,67.0,18.4,1007.5,0.863
241,2022-08-30,35.0,26.7,30.2,36.8,77.4,16.3,1007.9,1.41
242,2022-08-31,37.0,27.0,31.5,37.0,66.9,14.8,1005.3,0.0
243,2022-09-01,36.5,28.0,32.1,38.3,66.3,11.2,1005.0,0.0
244,2022-09-02,35.3,28.0,32.1,37.5,63.0,13.0,1006.4,7.763
245,2022-09-03,36.0,28.0,32.2,36.5,58.3,22.3,1004.0,0.0
246,2022-09-04,37.0,28.0,32.3,36.4,56.7,16.2,1002.7,0.0
247,2022-09-05,37.0,27.0,31.9,35.9,58.7,13.3,1004.6,0.0
248,2022-09-06,36.0,28.0,31.7,35.7,59.4,14.8,1005.9,0.0
249,2022-09-07,36.5,27.6,32.1,36.4,59.4,11.2,1007.4,0.0
250,2022-09-08,36.2,28.3,32.2,37.5,61.8,9.4,1008.3,0.0
251,2022-09-09,37.0,27.9,32.2,38.3,64.8,16.6,1007.5,0.0
252,2022-09-10,35.4,29.0,31.6,39.3,71.9,14.8,1006.6,0.0
253,2022-09-11,36.0,28.2,32.2,37.7,61.4,13.0,1004.2,0.0
254,2022-09-12,36.5,28.0,31.7,36.9,62.8,18.4,1003.1,0.0
255,2022-09-13,34.0,25.0,30.0,33.8,70.5,18.4,1003.7,8.588
256,2022-09-14,32.0,26.0,28.5,32.6,78.7,20.9,1004.3,9.45
257,2022-09-15,30.1,24.0,26.4,28.1,92.7,14.9,1002.4,5.313
258,2022-09-16,26.0,24.0,24.8,24.8,96.6,15.0,1000.4,8.312
259,2022-09-17,33.2,24.0,28.5,32.3,82.2,11.2,1002.5,0.0
260,2022-09-18,35.0,25.3,29.5,32.9,73.6,9.4,1005.5,0.0
261,2022-09-19,33.0,26.4,29.3,34.1,77.4,13.0,1005.9,5.175
262,2022-09-20,33.5,26.1,28.8,33.1,77.1,11.2,1005.8,0.173
263,2022-09-21,32.2,25.3,27.1,29.2,87.2,16.6,1005.7,3.412
264,2022-09-22,27.7,24.6,25.4,25.9,96.0,16.6,1005.2,48.972
265,2022-09-23,27.0,24.0,25.0,25.5,98.2,13.0,1003.8,47.45
266,2022-09-24,27.0,24.4,25.3,25.5,97.2,20.5,1002.1,19.825
267,2022-09-25,30.0,24.7,27.0,29.3,84.8,11.2,1005.1,0.0
268,2022-09-26,32.3,24.7,28.1,31.3,82.4,13.0,1008.7,0.0
269,2022-09-27,33.0,24.4,28.6,31.2,76.6,11.2,1007.7,0.0
270,2022-09-28,34.0,25.0,29.2,31.9,71.1,13.0,1006.4,0.0
271,2022-09-29,33.3,25.0,28.8,31.6,71.6,14.8,1006.3,0.0
272,2022-09-30,33.6,25.0,28.9,31.9,73.5,13.0,1006.7,0.0
273,2022-10-01,33.2,25.0,29.1,31.5,72.0,13.0,1005.8,0.0
274,2022-10-02,34.8,24.8,29.5,31.3,64.1,16.6,1006.1,0.0
275,2022-10-03,34.1,24.0,29.0,30.2,59.5,24.3,1007.1,0.0
276,2022-10-04,33.8,24.0,29.1,31.2,63.3,11.2,1008.6,0.0
277,2022-10-05,33.5,25.6,28.7,31.5,69.8,9.4,1007.9,0.0
278,2022-10-06,29.9,24.0,26.0,26.9,78.3,16.6,1009.2,0.0
279,2022-10-07,26.2,22.9,23.9,23.9,87.3,16.9,1009.9,0.3
280,2022-10-08,24.1,21.0,22.5,22.5,96.9,18.4,1010.5,73.762
281,2022-10-09,24.0,21.0,22.0,22.0,99.0,18.4,1010.0,29.8
282,2022-10-10,24.0,20.4,22.0,22.0,97.2,14.8,1011.7,9.651
283,2022-10-11,29.0,21.5,24.8,25.7,87.2,9.4,1009.9,6.21
284,2022-10-12,30.0,21.0,25.3,26.0,81.7,9.4,1011.2,0.0
285,2022-10-13,31.5,20.4,25.4,25.7,72.8,17.6,1012.3,0.0
286,2022-10-14,30.8,21.0,25.5,25.8,71.6,13.0,1012.1,0.0
287,2022-10-15,32.0,21.0,25.8,26.1,69.8,13.0,1011.4,0.0
288,2022-10-16,32.0,20.9,26.2,26.5,61.1,7.6,1013.4,0.0
289,2022-10-17,31.6,21.6,26.5,26.5,56.1,10.3,1013.5,0.0
290,2022-10-18,33.0,20.0,26.0,25.8,55.7,7.6,1012.0,0.0
291,2022-10-19,33.0,19.7,26.5,26.3,50.9,9.4,1011.7,0.0
292,2022-10-20,33.3,19.3,26.2,26.0,54.2,7.6,1013.4,0.0
293,2022-10-21,32.4,20.0,26.2,25.9,55.4,7.6,1015.7,0.0
294,2022-10-22,31.0,20.0,25.2,25.0,56.9,13.0,1016.9,0.0
295,2022-10-23,31.0,17.4,23.9,23.7,55.1,9.4,1015.8,0.0
296,2022-10-24,31.0,17.8,23.6,23.4,60.2,11.2,1011.1,0.0
297,2022-10-25,30.0,17.3,23.7,23.5,53.7,16.6,1009.4,0.0
298,2022-10-26,31.2,17.5,24.1,23.9,61.0,7.6,1013.1,0.0
299,2022-10-27,31.0,17.8,24.3,24.1,59.8,9.4,1013.2,0.0
300,2022-10-28,30.0,17.6,24.0,24.0,64.6,5.4,1013.3,0.0
301,2022-10-29,30.5,18.3,23.8,23.8,68.3,9.2,1014.4,0.0
302,2022-10-30,30.0,17.7,23.3,23.3,62.1,9.4,1014.6,0.0
303,2022-10-31,30.0,17.6,23.4,23.4,66.1,6.5,1014.3,0.0
304,2022-11-01,32.1,18.0,24.6,24.5,62.8,7.6,1014.3,0.0
305,2022-11-02,30.1,18.4,24.0,24.0,64.7,18.4,1012.6,0.0
306,2022-11-03,31.0,17.8,23.9,24.0,65.2,9.4,1012.2,0.0
307,2022-11-04,31.0,19.0,24.4,24.6,67.0,7.6,1013.4,0.0
308,2022-11-05,29.8,19.0,24.0,24.5,78.4,13.0,1015.4,0.0
309,2022-11-06,30.8,19.8,24.8,25.2,72.4,13.0,1015.7,0.0
310,2022-11-07,32.0,19.8,25.0,25.0,64.2,9.4,1014.6,0.0
311,2022-11-08,28.0,19.5,23.7,23.8,69.5,13.0,1015.7,0.0
312,2022-11-09,29.4,19.0,23.4,23.3,60.7,7.6,1015.8,0.0
313,2022-11-10,28.6,18.7,23.4,23.5,64.7,13.0,1016.8,0.0
314,2022-11-11,27.7,17.0,21.8,21.8,62.0,20.5,1017.2,0.0
315,2022-11-12,27.3,15.6,21.0,20.9,53.5,16.6,1016.6,0.0
316,2022-11-13,27.1,14.7,20.5,20.5,56.8,16.6,1015.2,0.0
317,2022-11-14,29.7,15.9,22.6,22.4,55.5,11.2,1015.8,0.0
318,2022-11-15,28.5,17.9,22.0,21.9,56.7,9.4,1015.6,0.0
319,2022-11-16,26.5,15.7,20.6,20.6,53.0,16.6,1014.8,0.0
320,2022-11-17,24.8,14.0,18.7,18.7,57.5,18.4,1014.7,0.0
321,2022-11-18,25.2,12.4,18.6,18.6,54.4,14.8,1016.0,0.0
322,2022-11-19,25.8,12.4,18.7,18.7,54.8,9.4,1016.6,0.0
323,2022-11-20,25.8,12.4,18.7,18.7,55.8,11.2,1015.1,0.0
324,2022-11-21,26.0,12.3,18.6,18.6,58.6,14.8,1014.1,0.0
325,2022-11-22,25.8,13.0,18.6,18.6,54.5,14.8,1014.1,0.0
326,2022-11-23,26.1,11.7,18.5,18.5,49.8,18.4,1014.4,0.0
327,2022-11-24,26.3,10.9,18.3,18.3,51.5,11.2,1014.3,0.0
328,2022-11-25,26.5,10.8,18.3,18.3,54.8,11.2,1016.6,0.0
329,2022-11-26,27.5,10.5,18.2,18.1,56.5,13.0,1013.6,0.0
330,2022-11-27,26.5,11.1,17.5,17.5,61.7,7.6,1011.7,0.0
331,2022-11-28,25.5,10.7,17.8,17.8,61.5,6.9,1013.1,0.0
332,2022-11-29,25.0,10.2,17.5,17.5,65.4,5.4,1015.3,0.0
333,2022-11-30,25.2,11.5,17.4,17.4,66.0,11.2,1016.5,0.0
334,2022-12-01,24.8,10.9,17.4,17.4,69.0,13.0,1015.4,0.0
335,2022-12-02,25.9,10.8,17.8,17.8,65.5,6.9,1014.3,0.0
336,2022-12-03,25.2,11.1,17.7,17.7,70.1,5.4,1015.1,0.0
337,2022-12-04,24.5,11.9,17.5,17.5,74.2,9.4,1015.7,13.746
338,2022-12-05,24.5,10.8,16.7,16.7,69.4,10.3,1017.3,0.0
339,2022-12-06,23.0,10.5,16.0,16.0,70.8,15.0,1016.2,0.0
340,2022-12-07,23.7,10.9,16.2,16.2,67.4,18.4,1015.3,0.0
341,2022-12-08,24.0,10.9,17.1,17.1,62.6,16.6,1016.0,0.0
342,2022-12-09,25.6,10.8,17.6,17.6,62.2,14.8,1014.9,0.0
343,2022-12-10,26.1,10.9,17.6,17.6,69.3,11.2,1015.2,0.0
344,2022-12-11,26.6,11.2,18.0,18.0,67.1,11.2,1015.6,0.0
345,2022-12-12,25.7,10.7,17.6,17.6,61.1,13.0,1014.8,0.0
346,2022-12-13,25.5,10.4,17.7,17.7,55.3,18.4,1016.1,0.0
347,2022-12-14,23.5,11.0,16.6,16.6,57.4,16.6,1016.0,0.0
348,2022-12-15,22.6,8.9,15.0,15.0,56.5,13.0,1014.9,0.0
349,2022-12-16,22.7,9.9,15.1,15.1,58.5,11.2,1014.0,0.0
350,2022-12-17,23.1,8.8,15.2,15.2,61.8,11.2,1015.7,0.0
351,2022-12-18,23.0,8.8,15.0,15.0,71.7,11.2,1016.0,0.0
352,2022-12-19,21.9,8.9,14.6,14.6,74.7,7.6,1014.7,0.0
353,2022-12-20,22.1,8.0,13.7,13.6,78.9,10.7,1014.0,0.0
354,2022-12-21,19.7,9.0,13.6,13.6,81.3,9.4,1015.3,0.0
355,2022-12-22,19.1,8.0,12.4,12.2,84.2,9.4,1015.2,0.0
356,2022-12-23,19.1,8.0,12.6,12.5,80.5,9.4,1014.3,0.0
357,2022-12-24,18.7,7.0,11.8,11.5,80.9,13.0,1015.9,0.0
358,2022-12-25,15.2,6.0,10.0,9.2,90.1,16.6,1016.7,95.828
359,2022-12-26,13.0,7.0,9.0,8.4,95.6,9.4,1018.6,0.0
360,2022-12-27,16.3,7.0,10.3,9.7,88.7,14.2,1018.1,0.0
361,2022-12-28,21.4,7.0,13.2,12.8,74.1,19.4,1017.5,0.0
362,2022-12-29,22.9,9.7,14.9,14.9,68.8,11.2,1018.3,0.0
363,2022-12-30,22.0,12.0,15.6,15.6,75.2,13.0,1018.7,0.0
364,2022-12-31,18.6,9.8,13.9,13.9,84.9,18.4,1019.7,0.0
365,2023-01-01,20.2,7.9,13.4,13.3,79.8,9.4,1020.6,0.0
366,2023-01-02,17.0,9.0,12.4,12.4,87.9,9.4,1021.4,0.0
367,2023-01-03,15.3,7.9,11.2,11.0,85.6,9.4,1022.2,0.0
368,2023-01-04,15.0,6.8,9.6,9.0,90.1,11.2,1022.1,0.0
369,2023-01-05,17.0,5.8,9.7,9.4,83.0,8.8,1023.7,0.0
370,2023-01-06,14.7,6.1,9.1,8.9,87.7,11.2,1024.2,0.0
371,2023-01-07,14.3,5.0,8.3,7.8,89.2,11.2,1022.1,0.0
372,2023-01-08,16.9,4.0,9.6,9.0,85.3,9.4,1019.5,0.0
373,2023-01-09,17.7,6.4,11.0,11.0,91.8,7.6,1020.2,0.0
374,2023-01-10,17.0,7.0,11.1,10.7,88.6,11.9,1019.3,0.0
375,2023-01-11,19.0,6.6,11.9,11.6,87.6,18.4,1014.8,0.0
376,2023-01-12,20.7,10.0,14.4,14.3,87.0,14.8,1012.2,85.391
377,2023-01-13,21.0,12.0,15.1,15.1,90.5,13.0,1013.3,0.0
378,2023-01-14,17.7,10.0,13.0,12.9,82.0,18.4,1016.5,0.0
379,2023-01-15,16.4,5.0,10.5,10.0,59.7,21.2,1015.5,0.0
380,2023-01-16,17.6,4.8,10.6,10.4,61.3,13.0,1016.8,0.0
381,2023-01-17,18.8,4.8,11.4,11.0,55.2,14.8,1017.4,0.0
382,2023-01-18,18.4,5.6,11.0,11.0,60.2,11.2,1019.3,0.0
383,2023-01-19,21.2,7.1,14.3,14.3,54.4,7.6,1019.0,0.0
384,2023-01-20,22.6,11.0,16.2,16.2,62.1,13.0,1017.3,0.0
385,2023-01-21,22.4,9.3,15.1,15.1,80.0,7.6,1016.7,0.0
386,2023-01-22,23.0,10.0,15.6,15.6,72.4,9.4,1016.0,0.0
387,2023-01-23,24.8,10.0,16.6,16.6,68.3,11.2,1015.3,0.0
388,2023-01-24,20.6,13.8,17.1,17.1,81.5,16.6,1014.1,0.0
389,2023-01-25,18.6,12.4,15.5,15.5,91.8,11.2,1015.9,0.0
390,2023-01-26,16.2,12.0,14.2,14.2,94.1,14.8,1018.5,0.0
391,2023-01-27,19.9,7.0,12.9,12.7,65.9,16.6,1018.3,0.0
392,2023-01-28,22.6,5.0,13.5,12.9,68.7,13.0,1015.2,0.0
393,2023-01-29,17.0,9.3,13.0,13.0,91.8,14.8,1014.9,6.55
394,2023-01-30,18.6,12.0,14.5,14.5,93.5,27.7,1018.2,14.275
395,2023-01-31,19.4,12.0,14.7,14.7,92.9,19.9,1018.9,0.0
396,2023-02-01,20.0,10.0,14.2,14.0,82.0,18.4,1017.8,0.0
397,2023-02-02,23.6,9.0,15.8,15.7,68.0,18.4,1016.5,0.0
398,2023-02-03,23.3,9.0,16.2,16.2,68.8,14.8,1016.4,0.0
399,2023-02-04,24.7,11.4,17.2,17.2,65.8,18.4,1014.0,0.0
400,2023-02-05,25.0,12.0,17.5,17.5,67.1,14.8,1012.7,0.0
401,2023-02-06,27.8,11.3,19.7,19.6,65.3,9.6,1011.8,0.0
402,2023-02-07,24.8,13.0,18.4,18.4,70.0,17.3,1011.7,0.0
403,2023-02-08,24.0,11.0,16.9,16.9,60.1,17.3,1014.1,0.0
404,2023-02-09,28.2,11.0,19.3,19.2,60.8,11.2,1012.5,0.0
405,2023-02-10,28.9,14.0,21.2,21.0,61.0,9.5,1011.3,0.0
406,2023-02-11,26.8,15.6,20.1,20.2,74.9,17.3,1013.6,0.0
407,2023-02-12,23.0,12.0,17.3,17.3,49.7,23.9,1017.9,0.0
408,2023-02-13,22.1,9.0,15.5,15.1,41.8,29.6,1016.0,0.0
409,2023-02-14,25.2,10.5,17.2,17.2,43.2,18.4,1015.9,0.0
410,2023-02-15,27.0,11.0,18.6,18.5,52.7,16.6,1013.4,0.0
411,2023-02-16,27.5,12.8,19.8,19.8,67.9,7.6,1014.9,0.0
412,2023-02-17,28.3,15.3,21.1,21.1,72.5,10.2,1016.0,0.0
413,2023-02-18,28.8,14.3,21.0,20.9,70.9,11.2,1015.4,0.0
414,2023-02-19,29.9,14.3,21.7,21.6,69.3,9.1,1014.3,0.0
415,2023-02-20,32.0,15.7,23.3,23.0,63.4,13.0,1011.3,0.0
416,2023-02-21,30.6,17.0,22.8,22.8,67.4,13.0,1010.7,0.0
417,2023-02-22,27.2,16.0,21.3,21.4,71.5,10.2,1012.8,0.0
418,2023-02-23,28.5,15.0,21.0,20.8,60.9,16.6,1013.0,0.0
419,2023-02-24,29.3,13.3,20.7,20.5,58.4,13.8,1014.8,0.0
420,2023-02-25,29.8,14.3,21.7,21.5,61.3,9.4,1016.5,0.0
421,2023-02-26,31.2,15.4,23.3,23.0,56.4,9.4,1017.9,0.0
422,2023-02-27,31.5,16.6,23.5,23.2,57.0,11.2,1017.6,0.0
423,2023-02-28,30.0,15.9,22.8,22.5,55.2,18.4,1017.7,0.0
424,2023-03-01,29.0,19.0,23.2,23.1,46.9,14.8,1019.0,0.054
425,2023-03-02,30.5,16.7,23.5,23.2,56.6,13.0,1019.1,0.0
426,2023-03-03,31.0,17.0,23.6,23.3,59.4,14.2,1019.4,0.0
427,2023-03-04,26.0,18.6,22.3,22.3,57.3,17.5,1019.8,0.0
428,2023-03-05,30.3,17.6,23.5,23.2,55.1,15.2,1018.5,0.0
429,2023-03-06,29.6,17.0,23.1,22.9,57.3,18.4,1016.2,0.0
430,2023-03-07,30.4,17.4,23.5,23.1,50.4,14.2,1015.8,0.0
431,2023-03-08,29.2,17.2,23.4,23.2,51.7,13.0,1016.9,0.0
432,2023-03-09,29.2,18.7,23.9,23.7,51.1,13.0,1017.0,0.0
433,2023-03-10,29.9,17.3,23.7,23.6,60.7,14.8,1015.9,0.0
434,2023-03-11,31.6,18.0,24.5,24.0,53.1,13.0,1015.6,0.0
435,2023-03-12,33.1,17.3,25.3,24.7,46.3,11.2,1014.9,0.0
436,2023-03-13,33.0,18.8,25.7,25.3,50.7,13.0,1013.5,0.0
437,2023-03-14,32.8,20.0,25.8,25.5,55.0,14.8,1010.7,0.0
438,2023-03-15,33.5,19.5,26.2,25.6,50.0,8.9,1009.6,0.0
439,2023-03-16,32.4,21.7,26.3,25.8,44.7,14.8,1010.4,0.0
440,2023-03-17,29.0,19.7,24.2,24.1,49.4,11.2,1012.0,0.0
441,2023-03-18,25.0,18.0,20.7,20.7,80.7,18.8,1011.4,4.274
442,2023-03-19,26.0,17.0,20.8,20.8,84.0,15.4,1009.3,4.986
443,2023-03-20,25.8,16.0,20.1,20.1,81.4,25.9,1008.1,10.824
444,2023-03-21,24.0,16.0,19.9,19.9,81.5,7.6,1009.3,0.0
445,2023-03-22,28.0,16.2,21.2,21.2,74.5,14.8,1010.8,0.0
446,2023-03-23,29.6,17.0,23.4,23.2,61.3,12.8,1009.4,0.0
447,2023-03-24,28.0,19.0,22.2,22.2,71.5,18.4,1009.1,10.55
448,2023-03-25,28.7,17.0,22.8,22.8,70.8,16.6,1011.8,0.0
449,2023-03-26,30.1,18.2,24.2,23.9,51.5,14.8,1011.6,0.0
450,2023-03-27,27.9,18.0,23.0,22.9,58.9,17.3,1010.8,0.0
451,2023-03-28,30.1,17.6,24.1,23.8,52.7,18.8,1010.4,0.0
452,2023-03-29,32.6,18.4,24.9,24.5,53.5,20.5,1010.8,7.818
453,2023-03-30,31.9,18.0,23.5,23.4,63.7,26.8,1009.3,15.45
454,2023-03-31,26.6,17.2,20.7,20.7,81.2,10.5,1008.9,0.664
455,2023-04-01,28.0,17.0,21.0,21.1,79.7,13.0,1009.7,3.137
456,2023-04-02,29.2,17.1,23.3,23.3,68.0,18.4,1008.6,0.0
457,2023-04-03,31.1,18.8,24.7,24.7,59.8,14.8,1007.2,0.0
458,2023-04-04,30.0,18.3,24.4,24.2,58.0,18.9,1009.7,13.801
459,2023-04-05,32.0,17.9,25.0,24.5,47.3,14.8,1010.3,0.0
460,2023-04-06,32.0,18.8,25.8,25.1,37.8,14.8,1012.5,0.0
461,2023-04-07,32.9,18.1,26.0,25.3,34.7,16.6,1014.2,0.0
462,2023-04-08,33.1,19.0,26.4,25.6,30.4,14.8,1014.6,0.0
463,2023-04-09,35.0,18.1,27.3,26.3,31.7,14.8,1014.6,0.0
464,2023-04-10,34.1,18.2,27.1,26.1,31.2,14.8,1012.7,0.0
465,2023-04-11,36.2,19.2,28.5,27.4,31.1,16.6,1011.9,0.0
466,2023-04-12,36.0,23.5,29.6,28.6,32.2,18.4,1011.4,0.0
467,2023-04-13,38.0,21.3,30.4,29.1,29.4,14.8,1009.5,0.0
468,2023-04-14,38.3,22.6,30.9,29.5,26.4,16.6,1008.8,0.0
469,2023-04-15,40.1,22.8,32.3,30.8,24.8,10.7,1008.1,0.0
470,2023-04-16,40.0,25.0,32.9,31.7,26.5,14.8,1007.0,0.0
471,2023-04-17,40.0,23.8,32.3,31.2,30.1,13.3,1007.2,0.0
472,2023-04-18,39.0,24.5,32.9,32.1,31.8,15.0,1008.2,0.0
473,2023-04-19,37.3,25.0,31.4,30.9,35.2,18.4,1006.0,0.0
474,2023-04-20,34.8,25.0,29.2,28.9,40.0,27.7,1003.2,0.981
475,2023-04-21,35.5,23.0,29.2,28.3,35.2,17.3,1004.2,0.0
476,2023-04-22,35.5,22.7,29.5,28.3,29.2,18.4,1005.3,0.0
477,2023-04-23,31.0,24.0,27.1,26.4,28.3,18.4,1007.5,0.0
478,2023-04-24,33.3,22.0,26.9,26.3,35.1,16.6,1010.5,0.0
479,2023-04-25,34.0,21.7,27.6,26.9,36.4,16.6,1011.8,0.0
480,2023-04-26,35.9,22.6,29.1,28.3,35.6,9.4,1008.5,0.0
481,2023-04-27,37.8,22.9,29.9,29.0,33.7,14.8,1007.9,0.0
482,2023-04-28,34.0,24.0,28.3,27.9,40.3,19.8,1009.0,0.0
483,2023-04-29,32.7,23.8,27.9,27.9,43.4,15.1,1008.3,0.0
484,2023-04-30,30.2,22.2,26.0,26.0,55.6,14.8,1007.3,0.259
485,2023-05-01,24.9,20.0,21.7,21.7,89.7,14.8,1007.9,12.131
486,2023-05-02,27.8,21.0,23.4,23.6,82.1,15.6,1009.3,0.1
487,2023-05-03,29.8,19.7,22.8,23.1,85.5,18.4,1010.4,27.526
488,2023-05-04,31.0,18.6,24.6,24.7,71.3,9.4,1010.2,0.0
489,2023-05-05,33.1,21.6,27.9,28.2,57.0,11.2,1008.2,0.0
490,2023-05-06,35.0,23.0,28.6,28.4,49.4,27.7,1006.5,0.0
491,2023-05-07,37.0,22.9,29.4,29.4,46.4,14.8,1005.3,3.533
492,2023-05-08,35.6,23.1,29.2,29.2,53.1,20.5,1004.7,0.0
493,2023-05-09,37.0,22.4,30.3,29.2,36.0,14.8,1007.0,0.0
494,2023-05-10,36.1,24.0,30.5,29.2,25.0,14.8,1006.7,0.0
495,2023-05-11,39.4,22.0,31.1,30.0,29.2,12.6,1007.2,0.0
496,2023-05-12,41.0,22.8,32.8,31.5,28.0,13.0,1005.8,0.0
497,2023-05-13,40.1,25.0,33.5,32.9,31.8,14.8,1005.1,0.0
498,2023-05-14,40.0,28.5,33.6,33.1,30.9,14.8,1002.3,0.0
499,2023-05-15,41.0,27.0,33.9,32.9,27.7,21.3,1002.0,0.0
500,2023-05-16,39.0,28.0,33.4,32.8,30.5,23.1,1004.1,0.0
501,2023-05-17,40.2,27.3,33.3,33.1,33.4,14.8,1005.3,0.0
502,2023-05-18,36.0,24.0,29.8,30.4,51.0,33.5,1009.6,8.652
503,2023-05-19,38.0,25.1,32.1,31.6,39.3,19.8,1006.8,0.0
504,2023-05-20,40.0,25.1,33.5,33.0,33.1,14.8,1004.5,0.0
505,2023-05-21,42.2,26.1,35.7,34.9,27.6,14.8,1004.4,0.0
506,2023-05-22,44.0,28.8,37.4,37.1,24.8,25.2,1004.2,0.0
507,2023-05-23,44.0,31.7,36.9,36.6,25.1,28.4,1004.7,0.0
508,2023-05-24,33.0,26.0,30.0,30.4,46.4,18.4,1006.1,0.0
509,2023-05-25,35.3,22.0,28.9,29.2,52.2,30.1,1005.2,4.749
510,2023-05-26,33.3,22.8,28.2,28.3,52.7,14.8,1006.4,0.0
511,2023-05-27,33.5,20.0,27.4,28.2,65.0,20.5,1006.2,18.165
512,2023-05-28,34.1,25.0,30.1,32.4,59.1,12.7,1006.8,0.0
513,2023-05-29,34.0,22.8,27.2,28.3,68.6,15.9,1008.9,7.011
514,2023-05-30,34.7,22.0,27.1,27.8,68.8,59.4,1008.6,31.388
515,2023-05-31,30.5,22.0,25.2,26.0,81.3,27.3,1007.7,3.334
516,2023-06-01,31.3,21.8,26.0,26.7,73.4,18.4,1007.4,0.2
517,2023-06-02,33.4,22.5,28.5,28.9,53.9,11.2,1006.3,0.0
518,2023-06-03,35.5,24.4,30.4,31.1,49.1,12.9,1006.1,0.0
519,2023-06-04,33.0,25.0,29.4,31.7,60.4,13.3,1005.7,2.615
520,2023-06-05,37.2,25.9,31.7,33.3,52.7,18.4,1004.2,0.0
521,2023-06-06,38.0,24.0,31.5,32.3,48.2,14.8,1004.0,0.345
522,2023-06-07,38.0,25.9,32.4,32.5,39.4,13.8,1003.8,0.0
523,2023-06-08,39.0,26.0,33.8,33.9,35.2,18.4,1003.1,0.0
524,2023-06-09,40.1,28.8,33.8,35.3,40.9,19.9,1000.3,0.0
525,2023-06-10,41.0,28.3,34.4,36.2,39.5,16.6,998.8,0.0
526,2023-06-11,38.0,27.0,32.8,34.9,48.5,20.5,999.6,0.568
527,2023-06-12,40.0,29.0,34.9,38.4,45.2,22.2,998.6,0.0
528,2023-06-13,41.2,31.1,36.5,39.6,39.8,32.7,998.5,0.0
529,2023-06-14,40.1,30.0,35.4,38.5,40.5,26.1,999.5,0.0
530,2023-06-15,37.0,29.0,33.6,36.0,44.7,21.8,1001.0,0.0
531,2023-06-16,38.0,28.0,32.0,36.1,56.3,23.1,1000.9,8.1
532,2023-06-17,37.6,28.8,32.5,38.1,62.0,13.0,1001.0,0.275
533,2023-06-18,35.5,29.0,31.5,37.5,66.2,15.6,1000.9,0.55
534,2023-06-19,33.2,26.0,28.6,33.0,81.0,16.6,999.9,8.726
535,2023-06-20,36.9,27.0,31.6,38.0,67.8,14.8,999.7,0.549
536,2023-06-21,36.4,26.0,31.0,37.4,71.7,14.8,1000.9,0.069
537,2023-06-22,36.5,29.0,32.4,40.3,68.1,14.2,1000.9,0.863
538,2023-06-23,36.8,27.0,32.8,42.0,69.8,14.8,1000.6,5.981
539,2023-06-24,36.5,30.0,32.2,40.6,69.2,14.8,1000.0,0.0
540,2023-06-25,30.0,24.7,26.4,28.9,93.6,20.5,1002.1,47.35
541,2023-06-26,31.5,26.0,28.8,34.7,86.1,13.0,1002.2,1.099
542,2023-06-27,33.4,26.0,29.5,37.1,86.9,14.8,1001.1,4.399
543,2023-06-28,34.9,27.0,29.6,37.1,85.0,18.4,1002.1,1.924
544,2023-06-29,32.9,24.7,28.8,35.2,87.6,15.3,1001.5,21.0
545,2023-06-30,32.0,25.0,28.2,34.2,90.7,14.8,999.9,23.701
546,2023-07-01,33.7,26.1,29.5,36.2,83.4,11.2,1000.6,0.0
547,2023-07-02,35.3,27.0,30.8,37.4,75.7,9.4,1001.2,0.0
548,2023-07-03,37.5,29.0,32.8,41.7,69.9,10.6,1000.6,0.0
549,2023-07-04,35.0,26.0,31.3,40.8,78.8,26.4,999.2,2.097
550,2023-07-05,33.8,26.0,29.9,38.3,85.9,27.7,999.4,6.925
551,2023-07-06,29.9,26.0,28.3,34.9,91.8,14.8,1001.3,2.962
552,2023-07-07,33.3,27.0,29.7,37.4,84.6,16.6,1002.0,0.0
553,2023-07-08,29.0,26.0,27.2,31.7,97.1,14.8,1001.9,118.566
554,2023-07-09,30.0,25.9,26.9,30.1,98.1,11.2,1001.1,115.865
555,2023-07-10,31.0,25.9,27.4,31.9,96.7,13.0,1001.4,7.038
556,2023-07-11,32.0,26.0,28.4,33.7,89.8,9.4,1001.6,0.412
557,2023-07-12,32.0,27.0,29.3,37.3,88.0,11.2,1001.0,0.904
558,2023-07-13,32.7,27.0,29.7,38.6,88.1,16.6,1001.1,1.725
559,2023-07-14,32.6,27.0,29.5,38.3,88.9,14.8,1002.2,1.375
560,2023-07-15,33.8,26.0,29.5,37.3,87.0,13.0,1001.8,13.687
561,2023-07-16,33.1,26.7,29.0,36.1,89.1,13.0,1001.8,7.862
562,2023-07-17,33.0,28.0,30.5,40.6,86.2,11.2,1000.9,0.0
563,2023-07-18,32.0,28.0,29.4,38.8,92.2,13.0,1000.7,0.616
564,2023-07-19,35.0,28.0,30.9,40.4,82.6,14.8,1000.5,0.0
565,2023-07-20,36.9,29.0,32.8,42.2,70.8,9.4,1000.5,0.0
566,2023-07-21,37.1,30.0,33.2,44.3,71.7,14.8,1002.0,0.0
567,2023-07-22,35.3,29.0,32.1,43.1,77.2,18.4,1004.2,0.0
568,2023-07-23,35.3,29.0,32.1,41.3,72.4,20.5,1004.4,0.173
569,2023-07-24,37.0,29.0,32.5,41.7,70.6,18.4,1001.9,0.0
570,2023-07-25,34.9,29.0,31.3,41.7,80.8,14.8,1002.2,0.0
571,2023-07-26,30.4,25.0,27.7,32.5,92.1,14.8,1004.2,32.087
572,2023-07-27,34.0,27.0,29.6,37.1,84.6,11.2,1003.1,0.5
573,2023-07-28,33.0,25.0,28.7,34.5,87.6,14.8,1001.2,10.299
574,2023-07-29,31.0,25.9,27.9,32.6,92.3,11.2,1000.5,5.725
575,2023-07-30,33.9,26.0,29.7,35.7,82.9,13.0,999.6,0.0
576,2023-07-31,34.3,28.0,31.1,39.8,78.3,14.8,999.1,0.0
577,2023-08-01,35.4,28.0,31.4,39.3,74.7,16.6,998.3,0.0
578,2023-08-02,34.9,28.0,30.7,39.2,78.9,18.4,999.0,4.313
579,2023-08-03,35.0,27.2,30.6,39.0,81.3,18.4,999.0,7.533
580,2023-08-04,33.1,27.0,29.3,36.7,86.8,16.6,1001.3,47.426
581,2023-08-05,33.0,26.0,29.5,37.4,88.3,14.8,1002.6,6.55
582,2023-08-06,34.5,29.0,31.4,39.4,73.4,22.3,1000.1,0.0
583,2023-08-07,33.2,28.0,30.3,35.8,70.7,17.9,997.9,0.0
584,2023-08-08,36.3,27.0,31.0,36.5,67.9,19.8,998.7,0.0
585,2023-08-09,34.4,28.1,31.4,37.2,66.1,22.1,1002.4,0.0
586,2023-08-10,34.3,28.0,30.8,37.1,71.0,16.6,1004.4,0.173
587,2023-08-11,34.8,28.0,31.3,37.0,66.4,15.2,1004.5,0.0
588,2023-08-12,35.0,28.0,31.6,36.3,61.4,18.4,1002.3,0.0
589,2023-08-13,34.2,28.0,30.9,35.9,65.7,16.5,1000.3,0.0
590,2023-08-14,34.2,28.0,30.7,36.7,70.0,13.0,1003.8,0.0
591,2023-08-15,33.2,27.0,30.0,37.8,80.5,13.0,1004.6,1.547
592,2023-08-16,35.1,28.1,31.9,40.3,72.2,16.6,1004.1,3.299
593,2023-08-17,35.9,29.0,32.2,38.5,63.8,15.1,1003.7,0.0
594,2023-08-18,36.2,29.0,32.6,39.7,64.0,16.6,1003.5,0.0
595,2023-08-19,34.0,25.0,30.6,39.1,82.1,13.0,1003.6,17.602
596,2023-08-20,35.6,29.0,31.9,41.2,75.2,14.8,1004.3,0.0
597,2023-08-21,36.9,29.0,32.6,42.7,74.0,10.0,1003.0,0.0
598,2023-08-22,35.3,28.0,31.1,41.2,80.9,18.4,1001.1,0.0
599,2023-08-23,28.9,27.0,27.6,32.9,92.4,14.8,1000.5,5.948
600,2023-08-24,32.1,26.0,29.1,33.5,75.9,14.8,999.9,0.0
601,2023-08-25,34.4,26.7,30.4,35.2,68.1,14.8,1000.0,0.0
602,2023-08-26,34.6,27.0,30.8,35.0,63.7,17.8,1001.8,0.0
603,2023-08-27,35.0,27.0,30.9,34.2,58.6,17.9,1001.6,0.0
604,2023-08-28,34.9,27.0,30.7,35.0,62.5,24.1,1001.8,0.0
605,2023-08-29,35.0,27.0,31.5,36.2,61.5,17.4,1003.8,0.0
606,2023-08-30,35.6,28.0,31.6,36.7,62.8,16.6,1005.7,0.0
607,2023-08-31,35.7,27.4,31.9,36.8,61.7,15.2,1006.4,0.0
608,2023-09-01,36.2,28.0,32.3,37.3,60.6,18.4,1006.2,0.0
609,2023-09-02,38.3,28.7,33.3,35.5,46.1,19.4,1004.0,0.0
610,2023-09-03,36.0,28.0,31.9,34.7,54.5,16.6,1003.7,0.0
611,2023-09-04,36.1,27.4,31.6,34.9,58.2,16.6,1003.4,0.0
612,2023-09-05,37.0,27.0,32.0,37.0,61.0,12.2,1004.1,0.0
613,2023-09-06,36.2,27.0,31.6,35.4,59.1,9.4,1005.1,0.0
614,2023-09-07,36.9,28.0,30.8,35.4,65.3,14.8,1004.6,0.137
615,2023-09-08,35.6,26.0,30.4,34.5,66.4,18.4,1004.6,0.0
616,2023-09-09,31.0,25.0,27.2,30.1,87.2,23.2,1004.2,25.725
617,2023-09-10,28.1,24.0,25.7,26.8,96.7,14.8,1002.1,24.539
618,2023-09-11,32.0,25.0,27.7,31.3,85.8,11.2,1002.5,0.137
619,2023-09-12,33.1,25.9,29.1,33.6,79.4,9.4,1002.9,0.0
620,2023-09-13,34.6,27.0,30.8,38.2,76.3,11.2,1003.2,0.0
621,2023-09-14,36.4,28.0,31.9,40.6,73.8,11.2,1004.2,0.0
622,2023-09-15,32.6,24.7,29.5,36.1,82.1,18.4,1005.4,4.451
623,2023-09-16,33.2,25.0,28.1,33.4,91.0,18.4,1004.6,10.138
624,2023-09-17,32.0,25.5,28.3,33.1,87.8,18.4,1002.7,0.275
625,2023-09-18,32.8,25.0,28.8,32.7,77.3,18.4,1003.8,0.0
626,2023-09-19,34.7,27.0,30.6,36.2,71.2,13.0,1006.3,0.0
627,2023-09-20,35.6,27.0,31.8,36.9,62.3,7.9,1006.4,0.0
628,2023-09-21,36.3,28.0,31.0,37.2,71.0,14.8,1005.7,0.863
629,2023-09-22,35.4,27.0,30.9,37.0,71.7,9.4,1006.0,0.0
630,2023-09-23,33.0,24.6,28.4,33.4,84.4,31.7,1007.0,14.863
631,2023-09-24,33.5,25.0,28.4,31.2,78.0,63.5,1006.6,0.0
632,2023-09-25,34.5,25.0,29.4,32.5,72.4,9.4,1006.8,0.0
633,2023-09-26,34.7,26.0,30.1,34.0,68.9,11.2,1007.9,0.0
634,2023-09-27,33.9,26.0,29.6,32.1,65.1,13.0,1008.0,0.0
635,2023-09-28,34.0,23.6,28.7,29.3,62.1,14.5,1007.6,0.0
636,2023-09-29,33.4,23.6,28.9,30.1,62.4,11.2,1007.3,0.0
637,2023-09-30,35.1,24.6,29.5,30.9,62.0,14.8,1007.0,0.0
638,2023-10-01,34.8,24.0,28.9,29.4,59.8,14.8,1006.6,0.0
639,2023-10-02,34.1,22.0,27.7,27.5,52.8,14.8,1007.6,0.0
640,2023-10-03,33.9,20.4,27.2,26.9,49.0,16.6,1008.2,0.0
641,2023-10-04,34.0,20.9,27.7,27.9,54.3,16.6,1008.4,0.0
642,2023-10-05,34.4,21.0,27.6,27.7,53.8,14.8,1007.8,0.0
643,2023-10-06,35.0,20.9,28.0,28.2,52.4,13.0,1006.7,0.0
644,2023-10-07,34.8,22.9,29.0,30.4,58.1,14.8,1008.0,0.0
645,2023-10-08,36.0,25.5,30.2,32.7,60.2,14.8,1008.5,0.0
646,2023-10-09,35.8,26.0,30.4,32.7,58.9,14.8,1009.1,0.0
647,2023-10-10,35.0,24.8,29.8,31.0,52.8,13.0,1010.1,0.0
648,2023-10-11,34.5,22.5,27.9,27.9,55.9,16.6,1011.3,0.0
649,2023-10-12,33.8,19.8,27.0,26.9,53.6,11.2,1012.5,0.0
650,2023-10-13,35.2,22.0,28.1,28.4,55.5,14.8,1012.9,0.0
651,2023-10-14,35.8,22.7,28.8,29.0,55.2,13.0,1012.1,0.0
652,2023-10-15,33.4,23.1,27.6,27.9,58.2,16.6,1010.5,0.0
653,2023-10-16,28.8,21.3,25.4,25.6,59.6,37.1,1011.9,1.0
654,2023-10-17,25.4,18.9,21.9,21.9,77.2,14.8,1015.7,3.863
655,2023-10-18,31.0,18.6,24.3,24.0,60.3,14.8,1015.5,0.0
656,2023-10-19,29.2,17.5,23.7,23.5,58.8,11.2,1015.3,0.0
657,2023-10-20,30.8,18.3,24.0,23.8,59.3,11.2,1015.8,0.0
658,2023-10-21,30.5,17.7,23.8,23.6,59.8,7.6,1016.3,0.0
659,2023-10-22,30.6,18.0,24.2,24.1,59.9,11.2,1016.7,0.0
660,2023-10-23,30.4,18.9,24.6,24.4,58.4,11.4,1015.0,0.0
661,2023-10-24,30.6,18.5,24.5,24.2,56.4,11.2,1014.4,0.0
662,2023-10-25,30.0,17.9,24.1,24.0,57.9,13.0,1015.1,0.0
663,2023-10-26,31.0,18.1,24.2,23.9,54.5,10.6,1014.8,0.0
664,2023-10-27,30.8,17.0,23.7,23.4,52.2,11.2,1014.0,0.0
665,2023-10-28,31.5,17.2,24.1,23.7,52.3,7.6,1014.3,0.0
666,2023-10-29,32.4,18.0,24.6,24.2,52.3,9.4,1014.2,0.0
667,2023-10-30,32.4,18.7,25.1,25.0,58.4,9.4,1014.9,0.0
668,2023-10-31,31.6,19.5,24.8,24.9,67.1,9.4,1016.4,0.0
669,2023-11-01,31.0,18.0,24.2,24.2,64.5,7.6,1016.9,0.0
670,2023-11-02,29.6,18.5,23.5,23.8,71.9,7.6,1015.2,0.0
671,2023-11-03,29.2,18.6,22.8,22.8,72.3,7.6,1012.8,0.0
672,2023-11-04,28.5,18.4,22.7,23.0,75.8,7.6,1013.1,0.0
673,2023-11-05,31.0,18.0,23.3,23.3,70.8,9.4,1014.7,0.0
674,2023-11-06,30.4,16.0,22.6,22.5,64.9,7.6,1016.2,0.0
675,2023-11-07,30.9,16.7,23.3,23.1,63.5,7.6,1015.3,0.0
676,2023-11-08,30.0,17.3,23.4,23.4,66.1,7.6,1014.3,0.0
677,2023-11-09,31.7,17.6,23.8,23.7,62.8,11.2,1014.2,0.0
678,2023-11-10,22.0,18.0,20.3,20.3,84.5,13.0,1016.6,7.725
679,2023-11-11,25.5,15.7,19.8,19.8,76.0,13.0,1018.2,0.0
680,2023-11-12,26.1,14.0,19.8,19.8,72.6,13.0,1018.5,0.0
681,2023-11-13,26.8,14.3,19.7,19.7,74.3,7.6,1018.4,0.0
682,2023-11-14,25.4,14.4,19.9,19.9,66.1,7.6,1017.9,0.0
683,2023-11-15,26.5,13.1,19.1,19.1,70.2,9.4,1017.7,0.0
684,2023-11-16,26.4,13.7,19.1,19.1,76.1,9.4,1018.5,0.0
685,2023-11-17,27.4,14.0,20.1,20.1,73.2,5.4,1018.2,0.0
686,2023-11-18,27.2,15.0,20.6,20.6,68.9,9.4,1016.5,0.0
687,2023-11-19,26.0,14.3,19.9,19.9,68.1,11.2,1017.3,0.0
688,2023-11-20,25.8,14.0,19.5,19.5,70.4,9.4,1017.6,0.0
689,2023-11-21,25.5,13.6,18.8,18.8,70.9,13.8,1016.7,0.0
690,2023-11-22,25.0,13.0,17.8,17.8,67.8,11.2,1014.8,0.0
691,2023-11-23,26.0,11.4,18.5,18.5,65.8,9.4,1014.3,0.0
692,2023-11-24,26.1,12.0,18.3,18.3,70.1,7.6,1016.3,0.0
693,2023-11-25,25.0,12.5,18.1,18.1,69.8,8.3,1017.7,0.0
694,2023-11-26,25.6,13.1,19.4,19.4,67.3,11.2,1018.2,0.0
695,2023-11-27,23.3,15.5,18.5,18.5,75.1,18.4,1015.8,6.313
696,2023-11-28,20.0,15.6,17.7,17.7,86.9,9.4,1015.6,0.227
697,2023-11-29,24.7,14.0,18.5,18.5,81.0,9.4,1015.7,0.0
698,2023-11-30,24.3,15.0,19.1,19.1,82.6,13.0,1016.6,0.0
699,2023-12-01,24.6,14.7,19.6,19.6,80.7,7.6,1017.1,0.0
700,2023-12-02,23.7,14.0,17.9,17.9,83.6,8.0,1017.8,0.0
701,2023-12-03,25.1,12.4,18.4,18.4,75.1,9.4,1018.0,0.0
702,2023-12-04,24.2,16.0,19.7,19.7,67.5,11.2,1017.0,0.014
703,2023-12-05,24.1,13.6,17.9,17.9,69.5,13.0,1016.2,0.0
704,2023-12-06,24.7,11.2,16.9,16.9,72.7,7.6,1016.8,0.0
705,2023-12-07,23.7,11.6,16.7,16.7,75.5,7.9,1016.2,0.0
706,2023-12-08,25.0,11.7,17.4,17.4,69.8,11.2,1015.7,0.0
707,2023-12-09,24.5,10.8,16.9,16.9,69.5,13.0,1016.5,0.0
708,2023-12-10,22.5,10.0,15.6,15.6,68.7,18.4,1015.0,0.0
709,2023-12-11,23.4,9.1,15.5,15.5,65.1,9.4,1015.7,0.0
710,2023-12-12,23.7,9.0,15.9,15.8,72.3,9.4,1014.6,0.0
711,2023-12-13,23.7,9.3,16.2,16.2,69.7,9.4,1016.4,0.0
712,2023-12-14,23.0,8.4,15.3,15.3,65.5,16.6,1017.6,0.0
713,2023-12-15,23.9,7.8,15.4,15.4,63.3,10.2,1018.6,0.0
714,2023-12-16,23.6,7.8,16.3,16.3,50.7,9.4,1017.2,0.0
715,2023-12-17,23.6,8.0,15.8,15.8,64.4,11.2,1018.3,0.0
716,2023-12-18,21.5,8.7,14.6,14.5,71.5,18.4,1020.1,0.0
717,2023-12-19,22.1,8.0,14.5,14.4,64.9,18.4,1020.2,0.0
718,2023-12-20,21.0,8.4,14.2,14.2,68.7,13.0,1019.8,0.0
719,2023-12-21,22.0,8.0,14.3,14.3,75.2,11.2,1017.9,0.0
720,2023-12-22,21.9,8.0,14.3,14.3,76.1,13.0,1017.7,0.0
721,2023-12-23,23.0,11.8,16.3,16.3,72.7,11.2,1019.4,0.0
722,2023-12-24,23.7,9.9,16.0,16.0,77.6,9.4,1021.3,0.0
723,2023-12-25,22.0,11.0,14.8,14.8,81.7,11.2,1019.7,0.0
724,2023-12-26,23.0,8.0,14.1,14.1,83.8,9.4,1019.1,0.0
725,2023-12-27,19.6,10.3,13.0,13.0,91.9,9.4,1020.5,0.0
726,2023-12-28,19.5,9.3,12.8,12.7,91.0,9.4,1019.4,0.0
727,2023-12-29,18.6,12.0,13.8,13.8,93.9,9.4,1020.0,0.0
728,2023-12-30,19.4,12.8,14.6,14.6,90.0,9.4,1018.7,0.0
729,2023-12-31,16.0,11.5,13.3,13.3,87.0,9.4,1018.8,0.0
730,2024-01-01,16.1,10.3,12.1,12.1,81.7,11.2,1018.7,0.0
731,2024-01-02,16.3,9.0,11.2,11.0,82.2,11.2,1018.1,0.0
732,2024-01-03,15.1,8.8,10.8,10.6,87.8,11.2,1017.9,0.0
733,2024-01-04,11.6,8.0,10.1,9.7,92.7,13.0,1018.3,0.0
734,2024-01-05,14.0,10.0,12.0,12.0,92.9,11.2,1018.2,0.0
735,2024-01-06,15.0,8.8,12.1,12.1,84.9,11.2,1019.7,0.0
736,2024-01-07,17.3,8.4,11.6,11.5,81.2,7.6,1020.4,0.0
737,2024-01-08,15.0,7.5,10.9,10.8,88.2,7.6,1020.3,0.0
738,2024-01-09,13.0,9.5,10.9,10.6,90.8,13.0,1020.3,0.0
739,2024-01-10,13.4,8.0,9.7,8.7,87.4,14.8,1018.9,0.0
740,2024-01-11,16.7,7.0,10.6,10.0,83.4,11.2,1019.2,0.0
741,2024-01-12,17.7,5.5,10.2,9.7,83.5,9.4,1018.2,0.0
742,2024-01-13,17.0,5.6,10.9,10.9,86.7,7.6,1017.3,0.0
743,2024-01-14,17.4,6.2,10.8,10.7,85.6,9.4,1017.4,0.0
744,2024-01-15,17.7,5.0,10.4,9.9,80.7,9.4,1016.9,0.0
745,2024-01-16,18.0,5.4,10.2,9.5,88.4,14.8,1015.0,0.0
746,2024-01-17,18.0,6.0,10.8,10.4,82.7,10.2,1015.0,0.0
747,2024-01-18,18.0,7.0,10.6,10.3,86.7,9.4,1017.1,0.0
748,2024-01-19,15.0,7.0,10.0,9.6,89.7,11.2,1018.8,0.0
749,2024-01-20,17.0,7.5,11.5,11.3,82.3,8.3,1019.2,0.0
750,2024-01-21,14.1,6.0,9.3,8.4,90.1,14.2,1018.5,0.0
751,2024-01-22,17.0,7.0,10.5,10.2,82.7,9.4,1019.5,0.0
752,2024-01-23,17.7,8.0,11.9,11.6,84.9,11.2,1018.4,0.0
753,2024-01-24,16.0,8.5,11.5,11.3,85.8,11.2,1018.5,0.0
754,2024-01-25,18.4,7.0,10.9,10.6,87.1,9.4,1020.6,0.0
755,2024-01-26,21.0,6.5,12.4,12.4,76.4,9.4,1021.4,0.0
756,2024-01-27,23.4,6.4,14.0,14.0,68.3,15.2,1019.5,0.0
757,2024-01-28,19.0,8.2,13.3,13.3,78.1,14.8,1018.1,0.0
758,2024-01-29,22.0,9.0,14.1,13.9,84.1,11.2,1018.0,0.0
759,2024-01-30,19.5,10.0,12.7,12.6,92.3,9.4,1017.2,0.0
760,2024-01-31,16.0,9.2,12.8,12.8,96.2,14.8,1016.0,9.275
761,2024-02-01,18.0,13.2,15.2,15.2,94.1,22.3,1016.1,17.281
762,2024-02-02,17.0,9.5,12.9,12.9,94.1,14.8,1019.5,0.0
763,2024-02-03,21.8,7.0,13.9,13.7,74.5,9.4,1018.1,0.0
764,2024-02-04,20.0,13.0,16.1,16.1,87.2,13.0,1016.7,1.0
765,2024-02-05,20.0,12.3,16.1,16.1,83.7,13.0,1017.8,0.0
766,2024-02-06,19.5,9.0,13.5,13.3,72.9,14.8,1019.8,0.0
767,2024-02-07,20.1,9.5,13.5,13.5,67.7,18.4,1020.6,0.0
768,2024-02-08,21.0,8.0,14.3,13.9,66.3,22.3,1018.7,0.0
769,2024-02-09,22.7,9.0,15.0,14.8,57.9,11.9,1019.0,0.0
770,2024-02-10,22.6,7.7,14.9,14.9,69.7,9.4,1021.4,0.0
771,2024-02-11,23.2,9.0,15.2,15.1,73.7,9.4,1020.8,0.0
772,2024-02-12,22.2,9.6,15.6,15.6,79.1,11.2,1019.9,0.0
773,2024-02-13,22.0,10.4,15.9,15.9,80.5,12.0,1019.0,0.0
774,2024-02-14,23.1,11.0,16.7,16.7,76.4,13.0,1018.7,0.0
775,2024-02-15,24.8,10.7,17.0,17.0,71.0,14.8,1019.6,0.0
776,2024-02-16,25.7,9.5,17.3,17.3,63.5,13.0,1020.0,0.0
777,2024-02-17,25.5,9.6,17.2,17.2,62.1,14.8,1015.6,0.0
778,2024-02-18,28.6,10.7,19.2,19.1,59.8,13.0,1012.6,0.0
779,2024-02-19,27.4,15.7,21.0,21.0,56.9,24.1,1010.5,0.0
780,2024-02-20,27.0,16.0,21.0,21.0,72.4,14.8,1010.5,2.0
781,2024-02-21,26.0,14.0,19.4,19.4,66.5,15.6,1010.7,0.0
782,2024-02-22,25.4,13.8,19.1,19.1,50.1,14.8,1013.3,0.0
783,2024-02-23,23.5,10.0,16.8,16.8,51.3,14.8,1016.1,0.0
784,2024-02-24,24.1,10.9,17.4,17.4,50.3,7.6,1016.4,0.0
785,2024-02-25,25.3,10.9,18.3,18.3,44.9,16.6,1018.5,0.0
786,2024-02-26,24.7,12.6,18.8,18.8,42.9,9.4,1018.4,0.0
787,2024-02-27,24.0,14.2,18.8,18.8,51.6,14.8,1018.1,0.0
788,2024-02-28,24.6,12.0,18.0,18.0,63.5,18.4,1016.4,0.0
789,2024-02-29,26.0,12.0,19.1,19.1,59.5,16.0,1015.2,0.0
790,2024-03-01,29.0,13.8,21.6,21.4,56.7,20.5,1014.0,0.0
791,2024-03-02,24.4,18.0,21.2,21.2,70.5,28.1,1010.9,7.347
792,2024-03-03,24.8,15.7,19.4,19.4,62.4,16.6,1011.9,0.412
793,2024-03-04,23.8,11.8,17.9,17.9,46.9,11.2,1016.2,0.0
794,2024-03-05,22.6,11.0,16.7,16.7,49.7,18.4,1017.4,0.0
795,2024-03-06,22.3,10.0,16.5,16.4,51.5,14.7,1015.8,0.0
796,2024-03-07,25.3,11.5,18.7,18.7,51.3,16.6,1015.1,0.0
797,2024-03-08,26.8,12.5,19.9,19.9,50.7,16.6,1016.0,0.0
798,2024-03-09,26.0,12.0,19.0,19.0,53.4,18.4,1016.0,0.0
799,2024-03-10,27.5,12.0,19.8,19.8,52.4,13.0,1015.4,0.0
800,2024-03-11,30.2,15.9,23.2,22.8,47.5,13.0,1016.4,0.0
801,2024-03-12,29.6,16.3,22.9,22.7,50.5,13.0,1014.6,0.0
802,2024-03-13,30.2,15.1,22.3,22.0,54.9,18.4,1012.2,0.0
803,2024-03-14,29.3,16.1,23.0,22.7,53.0,14.8,1014.8,0.0
804,2024-03-15,28.0,14.0,21.4,21.2,45.6,20.5,1014.4,0.0
805,2024-03-16,29.0,14.5,21.6,21.3,46.0,14.0,1015.9,0.0
806,2024-03-17,29.7,14.3,21.9,21.5,49.0,13.0,1015.3,0.0
807,2024-03-18,29.6,14.0,21.8,21.5,50.7,13.0,1013.8,0.0
808,2024-03-19,30.2,14.5,23.0,22.6,49.2,15.9,1013.3,0.0
809,2024-03-20,33.0,16.0,24.3,23.7,49.4,13.0,1013.3,0.0
810,2024-03-21,28.7,17.9,23.1,23.1,62.3,18.4,1013.2,0.0
811,2024-03-22,33.0,19.0,25.3,25.2,58.9,16.6,1009.8,0.0
812,2024-03-23,33.0,18.8,26.5,25.9,51.2,18.4,1008.8,0.0
813,2024-03-24,29.0,18.9,24.6,24.5,54.7,18.4,1011.2,0.086
814,2024-03-25,32.5,17.4,24.9,24.7,58.7,18.4,1012.8,0.0
815,2024-03-26,34.0,19.0,26.4,25.9,50.8,16.6,1011.7,0.0
816,2024-03-27,36.0,22.0,29.0,28.7,44.3,14.8,1013.4,0.0
817,2024-03-28,36.0,23.0,29.7,29.3,40.9,14.8,1011.1,0.0
818,2024-03-29,36.0,21.0,28.8,28.9,51.4,16.6,1010.0,0.4
819,2024-03-30,34.0,24.0,29.5,29.6,46.1,14.8,1010.4,0.3
820,2024-03-31,35.0,23.0,28.8,28.2,44.4,22.3,1011.7,0.0
821,2024-04-01,31.0,19.0,25.3,24.7,49.2,16.6,1009.9,0.0
822,2024-04-02,33.0,18.2,26.2,25.4,36.0,18.4,1008.3,0.0
823,2024-04-03,36.0,19.3,28.2,27.2,34.3,11.2,1008.8,0.0
824,2024-04-04,36.1,22.1,29.7,28.7,31.4,14.8,1008.9,0.0
825,2024-04-05,36.0,22.4,29.8,28.8,30.8,17.0,1008.4,0.0
826,2024-04-06,34.5,21.0,28.6,27.6,29.2,16.6,1008.4,0.0
827,2024-04-07,36.0,19.0,28.0,26.9,28.4,18.4,1008.4,0.0
828,2024-04-08,36.1,19.8,28.9,27.8,29.0,17.3,1009.4,0.0
829,2024-04-09,37.0,20.2,29.5,28.2,26.4,14.8,1010.0,0.0
830,2024-04-10,37.3,19.4,29.6,28.4,28.6,12.7,1010.1,0.0
831,2024-04-11,38.0,21.8,30.0,29.1,31.4,16.6,1011.1,0.0
832,2024-04-12,38.5,22.9,30.9,29.9,31.5,9.4,1010.2,0.0
833,2024-04-13,38.5,24.8,29.3,28.8,40.2,24.2,1009.9,1.962
834,2024-04-14,31.3,24.0,26.4,26.6,57.9,16.6,1012.0,0.825
835,2024-04-15,34.0,23.0,28.6,28.7,53.9,9.4,1011.6,0.0
836,2024-04-16,35.0,25.0,29.9,29.2,38.9,20.5,1010.7,0.0
837,2024-04-17,35.0,22.0,29.1,27.8,28.5,20.5,1009.2,0.0
838,2024-04-18,38.0,23.0,31.0,29.8,25.9,20.5,1007.6,0.0
839,2024-04-19,38.0,26.7,32.5,31.8,32.1,14.8,1004.7,0.0
840,2024-04-20,36.4,24.9,30.9,30.2,36.2,18.4,1004.7,0.0
841,2024-04-21,36.0,25.0,31.0,30.2,33.8,20.5,1006.0,0.0
842,2024-04-22,36.5,25.0,31.0,30.0,31.9,18.4,1007.0,0.0
843,2024-04-23,36.5,22.9,29.2,28.5,40.6,27.6,1006.5,3.1
844,2024-04-24,37.0,20.5,29.6,28.7,41.5,18.4,1006.5,0.0
845,2024-04-25,39.0,21.9,31.3,30.1,31.3,20.2,1006.3,0.0
846,2024-04-26,40.0,23.3,31.8,30.8,34.0,16.6,1005.0,3.0
847,2024-04-27,38.0,24.8,31.5,30.9,37.7,18.4,1006.1,0.0
848,2024-04-28,37.2,24.8,31.2,30.2,31.7,11.2,1007.1,0.0
849,2024-04-29,37.9,24.1,30.9,30.2,36.0,16.6,1006.7,0.0
850,2024-04-30,36.0,23.0,29.7,28.6,30.2,18.4,1005.9,0.0
851,2024-05-01,33.0,22.0,28.2,27.0,20.8,18.4,1004.4,0.0
852,2024-05-02,35.2,20.4,28.7,27.5,25.1,20.5,1005.1,0.0
853,2024-05-03,38.0,20.2,30.3,28.9,24.8,18.4,1005.8,0.0
854,2024-05-04,40.0,24.7,32.7,31.1,24.1,14.8,1005.6,0.0
855,2024-05-05,41.0,24.8,33.8,32.3,24.5,14.8,1001.7,0.0
856,2024-05-06,40.1,25.9,34.1,33.2,27.9,20.5,1003.6,0.0
857,2024-05-07,41.4,25.6,34.2,34.3,33.2,16.6,1005.1,0.0
858,2024-05-08,36.5,28.0,32.2,34.6,50.3,20.5,1006.0,0.0
859,2024-05-09,37.1,26.0,31.7,33.3,48.3,20.5,1005.6,0.0
860,2024-05-10,38.1,28.0,32.6,35.1,49.0,27.7,1006.6,0.0
861,2024-05-11,38.1,26.0,31.8,32.1,41.4,27.7,1008.8,0.173
862,2024-05-12,39.0,26.9,33.0,33.9,41.2,13.0,1008.4,0.0
863,2024-05-13,40.0,28.0,34.0,34.2,34.6,16.6,1008.5,0.0
864,2024-05-14,40.2,25.2,33.8,32.6,30.1,20.5,1008.6,0.0
865,2024-05-15,41.0,24.9,34.1,32.7,25.1,16.6,1008.5,0.0
866,2024-05-16,42.0,26.9,35.0,34.7,29.7,13.0,1007.5,0.0
867,2024-05-17,44.0,27.0,36.9,36.4,26.1,16.6,1004.3,0.0
868,2024-05-18,44.0,28.1,37.1,36.7,26.0,18.4,1001.8,0.0
869,2024-05-19,45.0,29.2,38.1,37.6,23.3,18.4,1000.1,0.0
870,2024-05-20,44.0,30.1,37.9,37.3,23.3,18.4,1000.9,0.0
871,2024-05-21,42.0,31.0,35.8,38.5,40.3,18.4,1002.2,0.0
872,2024-05-22,41.7,31.2,36.0,40.4,44.1,18.4,1002.1,0.0
873,2024-05-23,40.0,30.9,35.2,39.1,45.1,22.3,1001.8,0.0
874,2024-05-24,40.7,31.0,35.4,39.0,43.8,22.3,1001.7,0.0
875,2024-05-25,43.0,31.0,37.2,39.6,35.9,18.4,999.8,0.0
876,2024-05-26,44.5,28.1,37.9,38.1,27.0,16.6,998.0,0.0
877,2024-05-27,45.0,30.3,38.6,38.4,25.0,16.6,995.4,0.0
878,2024-05-28,46.0,28.8,38.6,38.5,23.8,16.6,993.5,0.0
879,2024-05-29,47.9,30.4,38.0,38.4,26.8,21.8,994.7,0.0
880,2024-05-30,46.0,32.0,39.0,39.0,23.0,19.3,997.9,0.0
881,2024-05-31,46.0,29.8,38.6,38.7,24.9,18.4,999.2,0.0
882,2024-06-01,43.6,31.7,36.5,36.1,27.4,18.4,1001.2,0.0
